{
    "app": {
        "path": {
          "baseUrl": "http://kingofdinner.realsun.me:9091/",
          "loginBaseUrl": "http://192.168.1.113:9091/",
          "getData": "api/100/table/Retrieve",
         "getSubData": "api/100/table/RetrieveRelTableByHostRecord",
         "saveData": "api/100/table/Save",
         "login": "api/Account/Login"
        },
        "loginUrl": "",
        "baseUrl": "http://kingofdinner.realsun.me:8081/rispweb/risphost/data/AjaxService.aspx?uiver=200&dynlogin=1",
        "localbaseUrl": "",
        "hostuser": "demo1",
        "hostucode": "GHgfPHoXCQm3k3m3DY4DqQ==",
        "hostwebpos": 530122554910,
        "getMethod": "ShowHostTableDatas_Ajax",
        "uploadFileUrl": "http://kingofdinner.realsun.me:8081/rispweb/rispservice/SvcUploadFile2.aspx",
        "httppath": "http://kingofdinner.realsun.me:8081/rispweb/upfiles",
        "saveMethod": "SaveData_Ajax",
        "getBysqlMethod": "Ajax_QueryBySql",
        "debug": true,
        "dbs": null,
        "user": "",
        "upass": "",
        "winno": 0,
        "winname": "",
        "canteenno": 0,
        "canteenname": "",
        "audiotranslateurl": "http://tts.baidu.com/text2audio?lan=zh&ie=UTF-8&spd=5&text=",
        "setupprinter": true,
        "LODOP": null,
        "setupaudio": false,
        "poslogincode": "10198742719",
        "displaymode": "none",
        "dbh": null,
        "posrecordsjson": null
    },
    "kingofdinner": {
        "dinnerno": 0,
        "dinnerdates": "",
        "dinnername": "",
        "starttime": null,
        "endtime": null,
        "isopen": "",
        "operator": "",
        "updatetime": null,
        "v_dishlistofprepare": 530719253364
    },
    "dinnerlist": {
        "resid": 529019544123,
        "subresid": 512140171786
    },
    "appfunction": null
}